{"cameraMode":{"drawMode":0,"name":"Shaded","section":"Shading Mode"},"sceneLighting":true,"audioPlay":false,"sceneViewState":{"m_AlwaysRefresh":false,"showFog":true,"showSkybox":true,"showFlares":true,"showImageEffects":true,"showParticleSystems":true,"showVisualEffectGraphs":true,"m_FxEnabled":true},"in2DMode":false,"pivot":{"x":-11.107261657714844,"y":447.2287902832031,"z":1295.5230712890625},"rotation":{"x":-0.016808176413178445,"y":-0.0024007316678762438,"z":0.00004496624387684278,"w":-0.9998788833618164},"size":636.2965087890625,"orthographic":false}